{
    "best_model": "XGBClassifier_scale_pos_weight",
    "accuracy": 0.7473385379701917,
    "precision": 0.515625,
    "recall": 0.7941176470588235,
    "f1_score": 0.6252631578947369,
    "roc_auc": 0.8470045725800202,
    "confusion_matrix": [
        [
            756,
            279
        ],
        [
            77,
            297
        ]
    ],
    "classification_report": {
        "0": {
            "precision": 0.907563025210084,
            "recall": 0.7304347826086957,
            "f1-score": 0.8094218415417559,
            "support": 1035.0
        },
        "1": {
            "precision": 0.515625,
            "recall": 0.7941176470588235,
            "f1-score": 0.6252631578947369,
            "support": 374.0
        },
        "accuracy": 0.7473385379701917,
        "macro avg": {
            "precision": 0.711594012605042,
            "recall": 0.7622762148337596,
            "f1-score": 0.7173424997182464,
            "support": 1409.0
        },
        "weighted avg": {
            "precision": 0.8035283755091815,
            "recall": 0.7473385379701917,
            "f1-score": 0.7605394088348821,
            "support": 1409.0
        }
    },
    "all_model_results": {
        "LogisticRegression_SMOTEENN": {
            "accuracy": 0.7083037615330021,
            "precision": 0.4720965309200603,
            "recall": 0.8368983957219251,
            "f1_score": 0.6036644165863067,
            "roc_auc": 0.8354749541450308
        },
        "DecisionTree_SMOTEENN": {
            "accuracy": 0.7068843151171044,
            "precision": 0.46899841017488075,
            "recall": 0.7887700534759359,
            "f1_score": 0.5882352941176471,
            "roc_auc": 0.8075847994006561
        },
        "RandomForest_SMOTEENN": {
            "accuracy": 0.7146912704045423,
            "precision": 0.47832817337461303,
            "recall": 0.8262032085561497,
            "f1_score": 0.6058823529411764,
            "roc_auc": 0.8316102198455139
        },
        "GradientBoosting_SMOTEENN": {
            "accuracy": 0.7196593328601846,
            "precision": 0.4835164835164835,
            "recall": 0.8235294117647058,
            "f1_score": 0.609297725024728,
            "roc_auc": 0.8365832235397452
        },
        "XGBClassifier_scale_pos_weight": {
            "accuracy": 0.7473385379701917,
            "precision": 0.515625,
            "recall": 0.7941176470588235,
            "f1_score": 0.6252631578947369,
            "roc_auc": 0.8470045725800202
        }
    }
}